{
    "0": {
        "precision": 0.8666241225271218,
        "recall": 0.84875,
        "f1-score": 0.8575939374802652,
        "support": 1600.0
    },
    "1": {
        "precision": 0.8518064911206369,
        "recall": 0.869375,
        "f1-score": 0.8605010825858336,
        "support": 1600.0
    },
    "accuracy": 0.8590625,
    "macro avg": {
        "precision": 0.8592153068238794,
        "recall": 0.8590625000000001,
        "f1-score": 0.8590475100330495,
        "support": 3200.0
    },
    "weighted avg": {
        "precision": 0.8592153068238794,
        "recall": 0.8590625,
        "f1-score": 0.8590475100330494,
        "support": 3200.0
    }
}