{
    "train_loss": [
        0.6834906404465437,
        0.6185750208795071,
        0.5616010969504714,
        0.49368436124175785,
        0.44177978329360484,
        0.4008658836968243,
        0.37072740208357574,
        0.3453113521821797
    ],
    "val_loss": [
        0.6436967587471009,
        0.5833102339506149,
        0.5221405139565468,
        0.47548262506723404,
        0.44200136080384256,
        0.41943136267364023,
        0.42609198212623595,
        0.41780425392091275
    ],
    "train_acc": [
        0.550859375,
        0.790703125,
        0.841484375,
        0.864375,
        0.8765625,
        0.8865625,
        0.8996875,
        0.91046875
    ],
    "val_acc": [
        0.8121875,
        0.844375,
        0.848125,
        0.8503125,
        0.85125,
        0.8590625,
        0.8484375,
        0.85625
    ],
    "precision": [
        0.8616944243301955,
        0.8587239583333334,
        0.8280329799764429,
        0.8354278874925194,
        0.8588761174968071,
        0.8518064911206369,
        0.816941444002274,
        0.8341148886283705
    ],
    "recall": [
        0.74375,
        0.824375,
        0.87875,
        0.8725,
        0.840625,
        0.869375,
        0.898125,
        0.889375
    ],
    "f1": [
        0.798389802079839,
        0.8411989795918368,
        0.8526379624014554,
        0.8535616019565881,
        0.8496525584333544,
        0.8605010825858336,
        0.855611789222983,
        0.8608590441621294
    ]
}