{"1": {"mean": 0.9738636363636364, "std": 0.008691510534533176}, "2": {"mean": 0.9738636363636364, "std": 0.008691510534533176}, "3": {"mean": 0.9738636363636364, "std": 0.007494832930836887}, "4": {"mean": 0.9761363636363637, "std": 0.006626081698687838}, "5": {"mean": 0.9744318181818183, "std": 0.008035304331665313}, "6": {"mean": 0.9767045454545455, "std": 0.00850376678812259}, "7": {"mean": 0.9727272727272727, "std": 0.00993912254803177}, "8": {"mean": 0.9738636363636364, "std": 0.008691510534533176}, "9": {"mean": 0.9732954545454545, "std": 0.008911583603044376}, "10": {"mean": 0.9727272727272729, "std": 0.00872857471348705}}